INSERT INTO PharmaCompany (pc_name, pc_contact) VALUES
('Pfizer', 9123456780),
('Novartis', 9876543210),
('Johnson & Johnson', 8765432109),
('GlaxoSmithKline', 7654321098),
('Merck', 6543210987),
('Sanofi', 8912345670),
('Roche', 7891234560),
('AstraZeneca', 6789123450),
('Abbott', 5678912340),
('Bayer', 4567891230);


INSERT INTO Drugs (pc_name, trade_name, formula) VALUES
('Pfizer', 'Lipitor', 'C33H35FN2O5'),
('Pfizer', 'Viagra', 'C22H30N6O4S'),
('Novartis', 'Gleevec', 'C29H31N7O'),
('Johnson & Johnson', 'Remicade', 'Protein-based'),
('GlaxoSmithKline', 'Advair', 'C25H37FO7S'),
('Merck', 'Januvia', 'C16H15F6N5O'),
('Sanofi', 'Lantus', 'C267H404N72O78S6'),
('Roche', 'Herceptin', 'Protein-based'),
('AstraZeneca', 'Crestor', 'C22H28FN3O6S'),
('Bayer', 'Aspirin', 'C9H8O4'),
('Pfizer', 'Xanax', 'C17H13ClN4'),
('Novartis', 'Diovan', 'C24H29N5O3'),
('Johnson & Johnson', 'Tylenol', 'C8H9NO2'),
('GlaxoSmithKline', 'Zofran', 'C18H19N3O'),
('Merck', 'Singulair', 'C35H36ClNO3S'),
('Bayer', 'Aleve', 'C14H14N2O3'),
('AstraZeneca', 'Nexium', 'C17H19N3O3S'),
('Sanofi', 'Allegra', 'C32H39NO4'),
('Roche', 'Tamiflu', 'C16H28N2O4'),
('Abbott', 'Humira', 'Protein-based');

INSERT INTO Pharmacy (ph_name, ph_add, ph_contact) VALUES
('MedPlus', '123 Main St, Delhi', 9988776655),
('Apollo Pharmacy', '456 Park Ave, Mumbai', 8877665544),
('Wellness Forever', '789 Lake View, Bengaluru', 7766554433),
('HealthMart', '234 River Road, Hyderabad', 6655443322),
('Care Pharmacy', '567 Hill Street, Chennai', 5544332211),
('LifeCare Drugs', '890 Mountain View, Kolkata', 9876543211),
('MediCare', '432 Valley Lane, Pune', 8765432100),
('QuickMeds', '765 Forest Path, Ahmedabad', 7654321099),
('PharmaWorld', '109 Ocean Drive, Jaipur', 6543210988),
('Guardian Pharmacy', '321 Desert Road, Lucknow', 5432109877);

INSERT INTO Contract (pc_name, start_date, end_date, content, supervisor, ph_name) VALUES
('Pfizer', '2024-01-15', '2025-01-14', 'Supply of cardiovascular medications', 'Rahul Sharma', 'MedPlus'),
('Novartis', '2024-02-20', '2025-02-19', 'Oncology drugs partnership', 'Priya Patel', 'Apollo Pharmacy'),
('Johnson & Johnson', '2024-03-10', '2025-03-09', 'General medications supply', 'Amit Singh', 'Wellness Forever'),
('GlaxoSmithKline', '2024-01-05', '2025-01-04', 'Respiratory medication contract', 'Sonia Kumar', 'HealthMart'),
('Merck', '2024-04-12', '2025-04-11', 'Diabetes medication supply', 'Vikram Mehta', 'Care Pharmacy'),
('Pfizer', '2024-02-18', '2025-02-17', 'Psychiatric medications contract', 'Deepak Joshi', 'LifeCare Drugs'),
('Sanofi', '2024-05-22', '2025-05-21', 'Insulin product distribution', 'Anjali Gupta', 'MediCare'),
('Roche', '2023-12-30', '2024-12-29', 'Biological products contract', 'Raj Malhotra', 'QuickMeds'),
('AstraZeneca', '2024-06-14', '2025-06-13', 'Cardiovascular medications', 'Neha Verma', 'PharmaWorld'),
('Bayer', '2024-03-25', '2025-03-24', 'Pain management products', 'Sandeep Roy', 'Guardian Pharmacy'),
('Abbott', '2024-07-05', '2025-07-04', 'Antibiotics supply contract', 'Kavita Reddy', 'MedPlus'),
('Merck', '2024-05-30', '2025-05-29', 'Vaccines distribution', 'Arjun Nair', 'Apollo Pharmacy'),
('Johnson & Johnson', '2024-04-15', '2025-04-14', 'Baby products supply', 'Meera Shah', 'HealthMart'),
('Novartis', '2024-06-20', '2025-06-19', 'Eye care products', 'Kunal Das', 'Wellness Forever'),
('Bayer', '2024-02-28', '2025-02-27', 'Womens health products', 'Divya Kapoor', 'Care Pharmacy');


INSERT INTO Pharmacy_Drugs (pc_name, trade_name, price, ph_name) VALUES
('Pfizer', 'Lipitor', 450, 'MedPlus'),
('Pfizer', 'Viagra', 800, 'MedPlus'),
('Novartis', 'Gleevec', 3500, 'Apollo Pharmacy'),
('Johnson & Johnson', 'Remicade', 9000, 'Wellness Forever'),
('GlaxoSmithKline', 'Advair', 1200, 'HealthMart'),
('Merck', 'Januvia', 850, 'Care Pharmacy'),
('Sanofi', 'Lantus', 1800, 'MediCare'),
('Roche', 'Herceptin', 12000, 'QuickMeds'),
('AstraZeneca', 'Crestor', 750, 'PharmaWorld'),
('Bayer', 'Aspirin', 25, 'Guardian Pharmacy'),
('Pfizer', 'Xanax', 350, 'LifeCare Drugs'),
('Novartis', 'Diovan', 600, 'MedPlus'),
('Johnson & Johnson', 'Tylenol', 120, 'Apollo Pharmacy'),
('GlaxoSmithKline', 'Zofran', 950, 'Care Pharmacy'),
('Merck', 'Singulair', 480, 'HealthMart'),
('Bayer', 'Aleve', 180, 'MedPlus'),
('AstraZeneca', 'Nexium', 520, 'Wellness Forever'),
('Sanofi', 'Allegra', 320, 'QuickMeds'),
('Roche', 'Tamiflu', 890, 'PharmaWorld'),
('Abbott', 'Humira', 14500, 'Guardian Pharmacy'),
('Pfizer', 'Lipitor', 470, 'Apollo Pharmacy'),
('Novartis', 'Gleevec', 3600, 'MediCare'),
('Bayer', 'Aspirin', 30, 'MedPlus'),
('Johnson & Johnson', 'Tylenol', 125, 'LifeCare Drugs'),
('Pfizer', 'Viagra', 820, 'PharmaWorld');

INSERT INTO Doctor (d_name, spec, years_of_exp, d_aadhar) VALUES
('Dr. Anand Sharma', 'Cardiologist', 15, 123456789012),
('Dr. Priya Singh', 'Neurologist', 12, 234567890123),
('Dr. Rajesh Patel', 'Orthopedic', 18, 345678901234),
('Dr. Sunita Gupta', 'Pediatrician', 10, 456789012345),
('Dr. Vikram Mehta', 'Dermatologist', 14, 567890123456),
('Dr. Anjali Reddy', 'Gynecologist', 16, 678901234567),
('Dr. Karan Malhotra', 'Ophthalmologist', 11, 789012345678),
('Dr. Neha Joshi', 'Psychiatrist', 9, 890123456789),
('Dr. Deepak Kumar', 'Urologist', 13, 901234567890),
('Dr. Meera Shah', 'Endocrinologist', 17, 012345678901),
('Dr. Arun Verma', 'Gastroenterologist', 8, 112233445566),
('Dr. Pooja Iyer', 'Pulmonologist', 12, 223344556677),
('Dr. Sanjay Nair', 'Oncologist', 20, 334455667788),
('Dr. Kavita Das', 'Rheumatologist', 15, 445566778899),
('Dr. Ravi Kapoor', 'Neurologist', 11, 556677889900);


INSERT INTO Patient (p_name, p_add, p_age, p_aadhar, p_doc_aid) VALUES
('Amit Kumar', '123 Green Park, Delhi', 45, 987654321098, 123456789012),
('Sneha Patel', '456 Blue Road, Mumbai', 35, 876543210987, 234567890123),
('Rahul Singh', '789 Red Lane, Bangalore', 28, 765432109876, 345678901234),
('Priya Sharma', '234 Yellow Street, Hyderabad', 52, 654321098765, 456789012345),
('Vijay Reddy', '567 Orange Avenue, Chennai', 41, 543210987654, 567890123456),
('Sonia Gupta', '890 Purple Path, Kolkata', 33, 432109876543, 678901234567),
('Kiran Mehta', '432 Pink Road, Pune', 58, 321098765432, 789012345678),
('Anita Joshi', '765 White Lane, Ahmedabad', 27, 210987654321, 890123456789),
('Prakash Verma', '109 Gray Street, Jaipur', 49, 109876543210, 901234567890),
('Divya Malhotra', '321 Black Avenue, Lucknow', 31, 998877665544, 012345678901),
('Raj Kapoor', '654 Violet Road, Indore', 38, 887766554433, 112233445566),
('Meena Iyer', '987 Brown Lane, Chandigarh', 62, 776655443322, 223344556677),
('Sunil Das', '345 Teal Street, Bhopal', 29, 665544332211, 334455667788),
('Anjali Shah', '678 Silver Avenue, Coimbatore', 43, 554433221100, 445566778899),
('Vikrant Nair', '912 Gold Path, Nagpur', 55, 443322110099, 556677889900),
('Pooja Kumar', '234 Bronze Road, Surat', 36, 332211009988, 123456789012),
('Deepak Sharma', '567 Copper Lane, Vizag', 47, 221100998877, 234567890123),
('Neha Singh', '890 Platinum Street, Patna', 30, 110099887766, 345678901234),
('Arjun Reddy', '432 Emerald Avenue, Mysore', 51, 009988776655, 456789012345),
('Kavita Mehta', '765 Ruby Path, Guwahati', 39, 998877667755, 567890123456);

INSERT INTO Prescription (pr_no, pr_date, p_id, d_id) VALUES
(1001, '2024-01-10', 987654321098, 123456789012),
(1002, '2024-01-15', 876543210987, 234567890123),
(1003, '2024-01-20', 765432109876, 345678901234),
(1004, '2024-01-25', 654321098765, 456789012345),
(1005, '2024-02-05', 543210987654, 567890123456),
(1006, '2024-02-10', 432109876543, 678901234567),
(1007, '2024-02-15', 321098765432, 789012345678),
(1008, '2024-02-20', 210987654321, 890123456789),
(1009, '2024-03-01', 109876543210, 901234567890),
(1010, '2024-03-05', 998877665544, 012345678901),
(1011, '2024-03-10', 887766554433, 112233445566),
(1012, '2024-03-15', 776655443322, 223344556677),
(1013, '2024-03-20', 665544332211, 334455667788),
(1014, '2024-04-01', 554433221100, 445566778899),
(1015, '2024-04-05', 443322110099, 556677889900),
(1016, '2024-04-10', 987654321098, 123456789012),
(1017, '2024-04-15', 876543210987, 234567890123),
(1018, '2024-04-20', 332211009988, 123456789012),
(1019, '2024-04-25', 221100998877, 234567890123),
(1020, '2024-05-01', 110099887766, 345678901234);

INSERT INTO Prescription_Drugs (pc_name, trade_name, pr_no, quantity) VALUES
('Pfizer', 'Lipitor', 1001, 30),
('Novartis', 'Gleevec', 1002, 60),
('Johnson & Johnson', 'Remicade', 1003, 5),
('GlaxoSmithKline', 'Advair', 1004, 1),
('Merck', 'Januvia', 1005, 30),
('Sanofi', 'Lantus', 1006, 3),
('Roche', 'Herceptin', 1007, 2),
('AstraZeneca', 'Crestor', 1008, 30),
('Bayer', 'Aspirin', 1009, 100),
('Pfizer', 'Xanax', 1010, 20),
('Novartis', 'Diovan', 1011, 30),
('Johnson & Johnson', 'Tylenol', 1012, 50),
('GlaxoSmithKline', 'Zofran', 1013, 10),
('Merck', 'Singulair', 1014, 30),
('Bayer', 'Aleve', 1015, 40),
('AstraZeneca', 'Nexium', 1016, 28),
('Sanofi', 'Allegra', 1017, 15),
('Roche', 'Tamiflu', 1018, 10),
('Abbott', 'Humira', 1019, 2),
('Pfizer', 'Viagra', 1020, 4),
('Pfizer', 'Lipitor', 1010, 30),
('Bayer', 'Aspirin', 1015, 60),
('Johnson & Johnson', 'Tylenol', 1005, 30),
('Novartis', 'Gleevec', 1019, 30),
('AstraZeneca', 'Crestor', 1002, 60);

